{"cameraMode":{"drawMode":0,"name":"Shaded","section":"Shading Mode"},"sceneLighting":false,"audioPlay":false,"sceneViewState":{"m_AlwaysRefresh":false,"showFog":true,"showSkybox":false,"showFlares":true,"showImageEffects":true,"showParticleSystems":true,"showVisualEffectGraphs":true,"m_FxEnabled":true},"in2DMode":false,"pivot":{"x":-0.00008058547973632813,"y":0.8642494678497315,"z":0.0032529830932617189},"rotation":{"x":-0.11419939249753952,"y":0.8590344786643982,"z":-0.21871592104434968,"w":-0.44853276014328005},"size":1.1264559030532838,"orthographic":false}