{"cameraMode":{"drawMode":0,"name":"Shaded","section":"Shading Mode"},"sceneLighting":true,"audioPlay":false,"sceneViewState":{"m_AlwaysRefresh":false,"showFog":true,"showSkybox":true,"showFlares":true,"showImageEffects":true,"showParticleSystems":true,"showVisualEffectGraphs":true,"m_FxEnabled":true},"in2DMode":false,"pivot":{"x":-0.7252634167671204,"y":3.4377453327178957,"z":-0.5605588555335999},"rotation":{"x":0.27568575739860537,"y":-0.009797181934118271,"z":0.002795270411297679,"w":0.9612221121788025},"size":4.042041778564453,"orthographic":false}